article_id,column_id,comments_author,pin_id,question_id,roundtable_id,thanks_count,time,title,topics,type,url_token,user_id,voteup_count
,,,,313359701,,0,2018-02-07 01:06:16,历史上有哪些“没文化真可怕”的例子？,"[285, 686, 13152, 69992]",ANSWER_CREATE,dan-li-ren-70,4298ff25add25f8f3fc1d26f01fb9a98,13
,,,,313358178,,0,2018-02-07 01:02:46,二战中有哪些细思恐极的细节？,"[68, 2058, 3115, 158305]",ANSWER_CREATE,dan-li-ren-70,4298ff25add25f8f3fc1d26f01fb9a98,0
,,,944362415832432640,,,,2018-02-07 00:12:25,母亲河崇拜,,MEMBER_CREATE_PIN,dan-li-ren-70,4298ff25add25f8f3fc1d26f01fb9a98,
,,,944345318289063936,,,,2018-02-06 23:04:29,今晚读这本书,,MEMBER_CREATE_PIN,dan-li-ren-70,4298ff25add25f8f3fc1d26f01fb9a98,
,,,944327243867058176,,,,2018-02-06 21:52:39,君子不器,,MEMBER_CREATE_PIN,dan-li-ren-70,4298ff25add25f8f3fc1d26f01fb9a98,
,,,944325800191864832,,,,2018-02-06 21:46:55,幽默大王,,MEMBER_CREATE_PIN,dan-li-ren-70,4298ff25add25f8f3fc1d26f01fb9a98,
,,,944322422787325952,,,,2018-02-06 21:33:30,莎翁描写的撕逼场面,,MEMBER_CREATE_PIN,dan-li-ren-70,4298ff25add25f8f3fc1d26f01fb9a98,
,,,944315402017378304,,,,2018-02-06 21:05:36,莎翁的好了歌,,MEMBER_CREATE_PIN,dan-li-ren-70,4298ff25add25f8f3fc1d26f01fb9a98,
,,,,,,,2018-02-02 11:46:29,视听语言,19892717,TOPIC_FOLLOW,zebravo,3d0e94aea0ac1274a6dfd961935081cf,
,,,,,,,2018-02-02 11:36:06,丧,20058597,TOPIC_FOLLOW,zebravo,3d0e94aea0ac1274a6dfd961935081cf,
,,,,307247944,,1678,2018-01-31 12:56:23,十年后回头看，「艳照门」事件产生了哪些影响？,"[16343, 16344, 18582, 175738]",ANSWER_VOTE_UP,zebravo,3d0e94aea0ac1274a6dfd961935081cf,10451
,,,,,,,2018-01-28 22:45:00,罗辑思维（网络节目）,19814249,TOPIC_FOLLOW,zebravo,3d0e94aea0ac1274a6dfd961935081cf,
,,,,,,,2018-01-28 22:30:11,新媒体写作,20076407,TOPIC_FOLLOW,zebravo,3d0e94aea0ac1274a6dfd961935081cf,
,,,,,,,2018-01-28 22:29:23,新闻学,19570521,TOPIC_FOLLOW,zebravo,3d0e94aea0ac1274a6dfd961935081cf,
,,,,,,,2018-01-28 22:28:16,互联网媒体,19551877,TOPIC_FOLLOW,zebravo,3d0e94aea0ac1274a6dfd961935081cf,
,,,,,,,2018-01-28 22:27:54,新媒体,19552164,TOPIC_FOLLOW,zebravo,3d0e94aea0ac1274a6dfd961935081cf,
,,,944314504603992064,,,,2018-02-06 21:02:02,开场白就与众不同，“让戏演下去，看上短…,,MEMBER_CREATE_PIN,dan-li-ren-70,4298ff25add25f8f3fc1d26f01fb9a98,
,,,944308775931318272,,,,2018-02-06 20:39:16,关于国学的定义,,MEMBER_CREATE_PIN,dan-li-ren-70,4298ff25add25f8f3fc1d26f01fb9a98,
,,,944306877878775808,,,,2018-02-06 20:31:44,诗人的语言就是妙啊,,MEMBER_CREATE_PIN,dan-li-ren-70,4298ff25add25f8f3fc1d26f01fb9a98,
,,,944302360940568576,,,,2018-02-06 20:13:47,裴多菲的小说,,MEMBER_CREATE_PIN,dan-li-ren-70,4298ff25add25f8f3fc1d26f01fb9a98,
,,,944270448888971264,,,,2018-02-06 18:06:58,工作到下午，工作使人自由,,MEMBER_CREATE_PIN,dan-li-ren-70,4298ff25add25f8f3fc1d26f01fb9a98,
,,,944265743492182016,,,,2018-02-06 17:48:16,在阅读过程中一定要不择手段，人名难记就…,,MEMBER_CREATE_PIN,dan-li-ren-70,4298ff25add25f8f3fc1d26f01fb9a98,
,,,944221859307405312,,,,2018-02-06 14:53:54,推荐给这位学员的书单以古代文论为主，首…,,MEMBER_CREATE_PIN,dan-li-ren-70,4298ff25add25f8f3fc1d26f01fb9a98,
,,,944003484916355072,,,,2018-02-06 00:26:09,洗澡时悟出了人生真谛我是小地方来的，终…,,MEMBER_CREATE_PIN,dan-li-ren-70,4298ff25add25f8f3fc1d26f01fb9a98,
,,,,263963644,,,2018-01-28 21:52:47,2017年，中国都发生什么大事？,"[2143, 5582, 12230, 83753, 191161]",QUESTION_FOLLOW,zebravo,3d0e94aea0ac1274a6dfd961935081cf,
33284305,,,,,,,2018-01-28 21:21:05,知乎七周年，感谢认真的你,,MEMBER_VOTEUP_ARTICLE,zebravo,3d0e94aea0ac1274a6dfd961935081cf,5527
,,,,33643757,,2587,2018-01-27 23:52:18,有哪些男性认为是「常识」的事情女性会认为不可思议？,"[2250, 3528, 6551]",ANSWER_VOTE_UP,zebravo,3d0e94aea0ac1274a6dfd961935081cf,22452
,,,,304967050,,221,2018-01-27 23:30:55,如何看待“豆瓣史上最低分”影片《逐梦演艺圈》要索赔1元 ？,"[68, 4328, 12795, 185306]",ANSWER_VOTE_UP,zebravo,3d0e94aea0ac1274a6dfd961935081cf,4070
,,,,291135352,,1500,2018-01-27 23:22:22,品牌提问 · 从小到大，哪些谣言让你深受其害？,"[237, 304, 307, 1398, 17362]",ANSWER_VOTE_UP,zebravo,3d0e94aea0ac1274a6dfd961935081cf,4703
,,,,303492260,,298,2018-01-25 22:58:39,你见过的最精彩的营销案例是什么？,"[112, 196, 937, 1740, 2185]",ANSWER_VOTE_UP,zebravo,3d0e94aea0ac1274a6dfd961935081cf,2250
,,,,302188662,,413,2018-01-24 16:17:05,你用手机拍过哪些让你满意的视频？,"[388, 13640, 109251]",ANSWER_VOTE_UP,zebravo,3d0e94aea0ac1274a6dfd961935081cf,4617
33070382,,,,,,,2018-01-24 16:16:35,勾不起人类情欲的奥黛丽赫本。,,MEMBER_VOTEUP_ARTICLE,zebravo,3d0e94aea0ac1274a6dfd961935081cf,7290
,,,944000828160372736,,,,2018-02-06 00:15:36,我不管，我明天一定要起床！喝！油！茶！,,MEMBER_CREATE_PIN,dan-li-ren-70,4298ff25add25f8f3fc1d26f01fb9a98,
,,,943993729284132864,,,,2018-02-05 23:47:23,今晚不敢再熬夜了，电池没电了，明天又是…,,MEMBER_CREATE_PIN,dan-li-ren-70,4298ff25add25f8f3fc1d26f01fb9a98,
,,,943922964387835904,,,,2018-02-05 19:06:12,流水不腐户枢不蠹,,MEMBER_CREATE_PIN,dan-li-ren-70,4298ff25add25f8f3fc1d26f01fb9a98,
,,,943918475559845888,,,,2018-02-05 18:48:21,啥叫媚俗，就是为同一件事哭两次,,MEMBER_CREATE_PIN,dan-li-ren-70,4298ff25add25f8f3fc1d26f01fb9a98,
,,,943918397545848832,,,,2018-02-05 18:48:03,很多人沉浸在小众的爱好里，可说到底还是…,,MEMBER_CREATE_PIN,dan-li-ren-70,4298ff25add25f8f3fc1d26f01fb9a98,
,,,943873770650337280,,,,2018-02-05 15:50:43,年代感,,MEMBER_CREATE_PIN,dan-li-ren-70,4298ff25add25f8f3fc1d26f01fb9a98,
,,,943643807288401920,,,,2018-02-05 00:36:55,与庄姜生子如出一辙,,MEMBER_CREATE_PIN,dan-li-ren-70,4298ff25add25f8f3fc1d26f01fb9a98,
,,,943641486420692992,,,,2018-02-05 00:27:42,高压家庭下长大的孩子,,MEMBER_CREATE_PIN,dan-li-ren-70,4298ff25add25f8f3fc1d26f01fb9a98,
,,,943640381984862208,,,,2018-02-05 00:23:19,把虚无的幻影认为真实了,,MEMBER_CREATE_PIN,dan-li-ren-70,4298ff25add25f8f3fc1d26f01fb9a98,
,,,,294529910,,1259,2018-01-24 11:15:27,2018 年后，你还会回到北上广深吗？,"[307, 1537, 20448, 132856, 207744]",ANSWER_VOTE_UP,zebravo,3d0e94aea0ac1274a6dfd961935081cf,5846
,,,,227157698,,711,2018-01-24 11:02:58,如何评价第 90 届奥斯卡最佳影片提名电影《请以你的名字呼唤我 》？,"[924, 2538, 22327, 186067, 208292]",ANSWER_VOTE_UP,zebravo,3d0e94aea0ac1274a6dfd961935081cf,2650
,,,,91370926,,1057,2018-01-24 11:02:22,电影《荒野猎人》有哪些耐人寻味的细节？,"[68, 2538, 14213, 18641, 164877]",ANSWER_VOTE_UP,zebravo,3d0e94aea0ac1274a6dfd961935081cf,2835
,,,,302064984,,16,2018-01-24 11:01:29,如何评价 2018 年第 90 届奥斯卡金像奖各奖项提名名单？,"[68, 2538, 208292]",ANSWER_VOTE_UP,zebravo,3d0e94aea0ac1274a6dfd961935081cf,110
,,,,64725628,,,2018-01-24 11:01:09,如何评价 2018 年第 90 届奥斯卡金像奖各奖项提名名单？,"[68, 2538, 208292]",QUESTION_FOLLOW,zebravo,3d0e94aea0ac1274a6dfd961935081cf,
,,,,149598534,,3008,2018-01-24 00:23:10,中国的性教育有多匮乏？这可能造成哪些影响？,"[404, 7358, 11147]",ANSWER_VOTE_UP,zebravo,3d0e94aea0ac1274a6dfd961935081cf,21119
,,,,301662372,,476,2018-01-23 20:15:11,有哪些令你看过就不会忘的镜头？,"[68, 316, 2315, 4117, 4118]",ANSWER_VOTE_UP,zebravo,3d0e94aea0ac1274a6dfd961935081cf,3587
,,,,258208128,,1162,2018-01-23 17:53:02,如何看出男朋友有没有潜力？,"[9628, 17922, 26756, 95935]",ANSWER_VOTE_UP,zebravo,3d0e94aea0ac1274a6dfd961935081cf,15553
,,,943635296018026496,,,,2018-02-05 00:03:06,人生如痴人说梦,,MEMBER_CREATE_PIN,dan-li-ren-70,4298ff25add25f8f3fc1d26f01fb9a98,
,,,943621046629253120,,,,2018-02-04 23:06:29,印象最深的是这句话:女人的大腿就这样启…,,MEMBER_CREATE_PIN,dan-li-ren-70,4298ff25add25f8f3fc1d26f01fb9a98,
,,,943619643152252928,,,,2018-02-04 23:00:54,我的字体适合甲骨文,,MEMBER_CREATE_PIN,dan-li-ren-70,4298ff25add25f8f3fc1d26f01fb9a98,
,,,943617768793387008,,,,2018-02-04 22:53:27,帝字的示意，希望有志于仙侠小说的创作者…,,MEMBER_CREATE_PIN,dan-li-ren-70,4298ff25add25f8f3fc1d26f01fb9a98,
,,,943616358601244672,,,,2018-02-04 22:47:51,天子按剑怒,,MEMBER_CREATE_PIN,dan-li-ren-70,4298ff25add25f8f3fc1d26f01fb9a98,
,,,943609832289353728,,,,2018-02-04 22:21:55,2018年座右铭,,MEMBER_CREATE_PIN,dan-li-ren-70,4298ff25add25f8f3fc1d26f01fb9a98,
,,,943535599169343488,,,,2018-02-04 17:26:56,好冷啊{{(>_,,MEMBER_CREATE_PIN,dan-li-ren-70,4298ff25add25f8f3fc1d26f01fb9a98,
,,,,204544589,,3342,2018-01-21 16:05:11,有哪些小时候看不以为意，长大以后细思恐极的影视情节？,"[68, 307, 13908, 158305]",ANSWER_VOTE_UP,zebravo,3d0e94aea0ac1274a6dfd961935081cf,30062
,,,,19718455,,3658,2018-01-21 12:37:03,已经有女朋友了，但又遇到更喜欢的对象怎么办？,[4729],ANSWER_VOTE_UP,zebravo,3d0e94aea0ac1274a6dfd961935081cf,38475
,,,,299588138,,294,2018-01-20 23:32:42,如何用平淡的语气写出虐到让人喘不过气，或让读者感到震撼、震惊的感觉？,"[73, 2058, 20009, 42364, 108486]",ANSWER_VOTE_UP,zebravo,3d0e94aea0ac1274a6dfd961935081cf,3033
,,,,299237638,,61,2018-01-20 14:59:41,App Store 有哪些冷门但逆天的 App？,"[505, 520, 1698, 3798, 73421]",ANSWER_VOTE_UP,zebravo,3d0e94aea0ac1274a6dfd961935081cf,186
33109534,,,,,,,2018-01-20 13:00:41,站务处理简报：2018 年 1 月第 3 期,,MEMBER_VOTEUP_ARTICLE,zebravo,3d0e94aea0ac1274a6dfd961935081cf,163
,,,,298863595,,30,2018-01-20 13:00:14,有哪些你特别气愤却又无能为力的事情？,"[2246, 5582, 12230, 18429]",ANSWER_VOTE_UP,zebravo,3d0e94aea0ac1274a6dfd961935081cf,226
,,,,299520722,,77,2018-01-20 02:15:01,你想看到什么样的中国？,"[686, 922, 928, 3144, 12230]",ANSWER_VOTE_UP,zebravo,3d0e94aea0ac1274a6dfd961935081cf,980
33028612,,,,,,,2018-01-18 10:51:43,美国体坛最大丑闻，看得我莫名爽,,MEMBER_VOTEUP_ARTICLE,zebravo,3d0e94aea0ac1274a6dfd961935081cf,18
,,,943498067773702144,,,,2018-02-04 14:57:48,最近追完了《我的青春遇见你》，此剧完美…,,MEMBER_CREATE_PIN,dan-li-ren-70,4298ff25add25f8f3fc1d26f01fb9a98,
,,,943254665283026944,,,,2018-02-03 22:50:37,赶紧睡吧，各位，明天还要继续战斗,,MEMBER_CREATE_PIN,dan-li-ren-70,4298ff25add25f8f3fc1d26f01fb9a98,
,,,,310808017,,0,2018-02-03 22:38:52,你听过的最可爱的情话是什么？,"[1309, 19048, 47282]",ANSWER_CREATE,dan-li-ren-70,4298ff25add25f8f3fc1d26f01fb9a98,2
,,,,310806203,,0,2018-02-03 22:36:29,男友有条件却不愿意出彩礼怎么办？,"[982, 99628]",ANSWER_CREATE,dan-li-ren-70,4298ff25add25f8f3fc1d26f01fb9a98,14
,,,943245318729576448,,,,2018-02-03 22:13:28,心情起伏比较大的时候一定要注意休息，养…,,MEMBER_CREATE_PIN,dan-li-ren-70,4298ff25add25f8f3fc1d26f01fb9a98,
,,,942931832619159552,,,,2018-02-03 01:27:47,得趁热赋予理念以形式,,MEMBER_CREATE_PIN,dan-li-ren-70,4298ff25add25f8f3fc1d26f01fb9a98,
,,,942931761504673792,,,,2018-02-03 01:27:30,写作才是一切的根源啊,,MEMBER_CREATE_PIN,dan-li-ren-70,4298ff25add25f8f3fc1d26f01fb9a98,
,,,942926965343322112,,,,2018-02-03 01:08:27,得恢复到原先疯狂回答历史与军事的状态了,,MEMBER_CREATE_PIN,dan-li-ren-70,4298ff25add25f8f3fc1d26f01fb9a98,
32975069,,,,,,,2018-01-18 09:54:10,我认为《驴得水》才是开心麻花最好的作品,,MEMBER_VOTEUP_ARTICLE,zebravo,3d0e94aea0ac1274a6dfd961935081cf,3843
,,,,,,,2018-01-18 09:24:47,唐诗宋词,19779656,TOPIC_FOLLOW,zebravo,3d0e94aea0ac1274a6dfd961935081cf,
,,,,23342835,,,2018-01-18 09:24:42,如何评价鱼玄机?,[76968],QUESTION_FOLLOW,zebravo,3d0e94aea0ac1274a6dfd961935081cf,
,,,,102512565,,103,2018-01-18 09:23:22,如何评价鱼玄机?,[76968],ANSWER_VOTE_UP,zebravo,3d0e94aea0ac1274a6dfd961935081cf,395
,,,,297562681,,410,2018-01-18 09:15:31,有哪些瞬间让你突然觉得坚持运动真有用？,"[444, 658, 833, 9671]",ANSWER_VOTE_UP,zebravo,3d0e94aea0ac1274a6dfd961935081cf,2796
,,,,296708411,,437,2018-01-17 19:28:26,如何看待杨幂工作室辟谣刘空青在知乎发表的塑料姐妹情系列？,"[215, 10026, 12443]",ANSWER_VOTE_UP,zebravo,3d0e94aea0ac1274a6dfd961935081cf,6784
,,,,29021735,,,2018-01-17 19:20:36,有什么解读《金瓶梅》的好书吗？,"[53, 113, 1164, 10400, 14270]",QUESTION_FOLLOW,zebravo,3d0e94aea0ac1274a6dfd961935081cf,
,,,,297712555,,4,2018-01-17 19:17:37,哪些知名的书籍和电影长期以来被严重误读了？,"[68, 1164, 1286, 8412, 20435]",ANSWER_VOTE_UP,zebravo,3d0e94aea0ac1274a6dfd961935081cf,42
,,,,61505336,,,2018-02-03 01:07:20,为什么称唐朝为巨唐？,"[284, 285, 11813]",QUESTION_FOLLOW,dan-li-ren-70,4298ff25add25f8f3fc1d26f01fb9a98,
,,,942892641403342848,,,,2018-02-02 22:52:03,硬广走一波,,MEMBER_CREATE_PIN,dan-li-ren-70,4298ff25add25f8f3fc1d26f01fb9a98,
,,,942859007992614912,,,,2018-02-02 20:38:25,知道为什么而活的人，可以忍受几乎任何怎…,,MEMBER_CREATE_PIN,dan-li-ren-70,4298ff25add25f8f3fc1d26f01fb9a98,
,,,942812092726857728,,,,2018-02-02 17:31:59,文字就叫品味孤独吧,,MEMBER_CREATE_PIN,dan-li-ren-70,4298ff25add25f8f3fc1d26f01fb9a98,
,,,942520867692036096,,,,2018-02-01 22:14:46,在追求卓越的过程中，名与利自然会跟着你…,,MEMBER_CREATE_PIN,dan-li-ren-70,4298ff25add25f8f3fc1d26f01fb9a98,
,,,942507011695407104,,,,2018-02-01 21:19:42,每一次迎战，都会形成一层盔甲，祸兮福所伏,,MEMBER_CREATE_PIN,dan-li-ren-70,4298ff25add25f8f3fc1d26f01fb9a98,
,,,942505923185508352,,,,2018-02-01 21:15:23,最近看《圆桌派》被蒋方舟圈粉了,,MEMBER_CREATE_PIN,dan-li-ren-70,4298ff25add25f8f3fc1d26f01fb9a98,
,,,942505444846125056,,,,2018-02-01 21:13:28,蒋方舟的语言表达能力真是超赞,,MEMBER_CREATE_PIN,dan-li-ren-70,4298ff25add25f8f3fc1d26f01fb9a98,
,,,,297718545,,46,2018-01-17 19:17:32,霸王别姬电影中有哪些令人叹为观止的细节处理？,"[68, 7092, 8412, 26229, 27544]",ANSWER_VOTE_UP,zebravo,3d0e94aea0ac1274a6dfd961935081cf,513
,,,,82379744,,134,2018-01-17 18:07:26,如何评价CCTV9纪录片《高考》？,"[161, 4570, 5326, 5830, 40280]",ANSWER_VOTE_UP,zebravo,3d0e94aea0ac1274a6dfd961935081cf,778
,,,,33984061,,,2018-01-17 18:07:20,如何评价CCTV9纪录片《高考》？,"[161, 4570, 5326, 5830, 40280]",QUESTION_FOLLOW,zebravo,3d0e94aea0ac1274a6dfd961935081cf,
,,,,,,,2018-01-17 14:50:25,音乐,19550453,TOPIC_FOLLOW,zebravo,3d0e94aea0ac1274a6dfd961935081cf,
,,,,35720340,,,2018-01-17 14:50:12,哪个瞬间让你突然觉得读书真有用？,"[285, 307, 404, 686, 988]",QUESTION_FOLLOW,zebravo,3d0e94aea0ac1274a6dfd961935081cf,
,,,,,,,2018-01-17 14:40:50,电影原声,19572973,TOPIC_FOLLOW,zebravo,3d0e94aea0ac1274a6dfd961935081cf,
,,,,,,,2018-01-17 14:35:29,国外图书推荐,19611854,TOPIC_FOLLOW,zebravo,3d0e94aea0ac1274a6dfd961935081cf,
,,,,296452515,,3381,2018-01-17 12:47:37,你身边发生过怎样的赤裸裸暴露人性的事情？,"[994, 1546, 5814, 5883, 16603]",ANSWER_VOTE_UP,zebravo,3d0e94aea0ac1274a6dfd961935081cf,28082
,,,942484603764736000,,,,2018-02-01 19:50:40,十分钟后开始，各就各位,,MEMBER_CREATE_PIN,dan-li-ren-70,4298ff25add25f8f3fc1d26f01fb9a98,
,,,942470525608497152,,,,2018-02-01 18:54:43,坐而论道易，身体力行难,,MEMBER_CREATE_PIN,dan-li-ren-70,4298ff25add25f8f3fc1d26f01fb9a98,
,,,942464700907241472,,,,2018-02-01 18:31:34,调整，巩固，充实，提高,,MEMBER_CREATE_PIN,dan-li-ren-70,4298ff25add25f8f3fc1d26f01fb9a98,
,,,942462385936658432,,,,2018-02-01 18:22:22,但凡东西发表，就是给人看的，会有喜欢你…,,MEMBER_CREATE_PIN,dan-li-ren-70,4298ff25add25f8f3fc1d26f01fb9a98,
,,,942171578100908032,,,,2018-01-31 23:06:48,大鹏老师？,,MEMBER_CREATE_PIN,dan-li-ren-70,4298ff25add25f8f3fc1d26f01fb9a98,
,,,942137577889902592,,,,2018-01-31 20:51:42,仓廪实而知礼节，衣食足则知荣辱,,MEMBER_CREATE_PIN,dan-li-ren-70,4298ff25add25f8f3fc1d26f01fb9a98,
,,,942071798804844544,,,,2018-01-31 16:30:19,人世几回伤往事，山形依旧枕寒流,,MEMBER_CREATE_PIN,dan-li-ren-70,4298ff25add25f8f3fc1d26f01fb9a98,
,,,,266030237,,,2018-01-31 12:34:10,贫穷给你带来了哪些好习惯？,"[307, 922, 3324, 5582, 33313]",QUESTION_FOLLOW,dan-li-ren-70,4298ff25add25f8f3fc1d26f01fb9a98,
,,,,292257829,,1961,2018-01-17 12:39:40,为什么有的人长得挺好看的但却不上镜？,"[388, 5400, 6551, 11632, 13640]",ANSWER_VOTE_UP,zebravo,3d0e94aea0ac1274a6dfd961935081cf,11949
,,,,264500732,,,2018-01-15 18:53:11,如何评价2017年影响力最大10项研究之「获得博士学位不利于精神健康」？,"[404, 988, 3252, 5259, 191161]",QUESTION_FOLLOW,zebravo,3d0e94aea0ac1274a6dfd961935081cf,
32168125,,,,,,,2018-01-08 14:11:48,知乎发布 2017 大事记：关于世界，关于中国，关于你,,MEMBER_VOTEUP_ARTICLE,zebravo,3d0e94aea0ac1274a6dfd961935081cf,9360
,,,,284343213,,247,2018-01-08 01:22:09,有哪些有趣的名人们上大学时的轶事？,"[285, 307, 2029, 20858, 40671]",ANSWER_VOTE_UP,zebravo,3d0e94aea0ac1274a6dfd961935081cf,2004
,,,,,,,2018-01-08 01:18:45,水浒传（书籍）,19563361,TOPIC_FOLLOW,zebravo,3d0e94aea0ac1274a6dfd961935081cf,
,,,,,,,2018-01-08 01:13:01,三国演义（书籍）,19583486,TOPIC_FOLLOW,zebravo,3d0e94aea0ac1274a6dfd961935081cf,
32168125,,,,,,,2018-01-08 00:02:14,知乎发布 2017 大事记：关于世界，关于中国，关于你,,MEMBER_COLLECT_ARTICLE,zebravo,3d0e94aea0ac1274a6dfd961935081cf,9360
,,,,168192781,,7494,2018-01-08 00:01:05,为什么《摔跤吧！爸爸》争议这么大？,"[68, 2025, 8412, 165229, 179739]",ANSWER_VOTE_UP,zebravo,3d0e94aea0ac1274a6dfd961935081cf,52961
,,,,307982573,,0,2018-01-31 12:33:42,你在打电话时，最难过的瞬间是什么？,"[307, 1560, 1576, 2246, 2293]",ANSWER_CREATE,dan-li-ren-70,4298ff25add25f8f3fc1d26f01fb9a98,0
,,,,307982138,,3,2018-01-31 12:33:04,住酒店时，半夜有人敲门并在门口发出动门锁的声音，该怎样做？,"[444, 1066, 2250, 6339, 13674]",ANSWER_CREATE,dan-li-ren-70,4298ff25add25f8f3fc1d26f01fb9a98,15
,,,,307980370,,0,2018-01-31 12:30:55,怎么看待高考状元12年不回家过年，发长文断绝关系？,"[404, 988, 2146, 4719]",ANSWER_CREATE,dan-li-ren-70,4298ff25add25f8f3fc1d26f01fb9a98,18
,,,941800402006659072,,,,2018-01-30 22:31:53,景甜的拥趸好多啊,,MEMBER_CREATE_PIN,dan-li-ren-70,4298ff25add25f8f3fc1d26f01fb9a98,
,,,941710555120197632,,,,2018-01-30 16:34:52, 没有恒产，则无恒心 ,,MEMBER_CREATE_PIN,dan-li-ren-70,4298ff25add25f8f3fc1d26f01fb9a98,
,,,941701428155326464,,,,2018-01-30 15:58:36,夕阳无限好，只是近黄昏,,MEMBER_CREATE_PIN,dan-li-ren-70,4298ff25add25f8f3fc1d26f01fb9a98,
,,,941679439575212032,,,,2018-01-30 14:31:13,人是善妒的动物，当你只是超多别人一小截…,,MEMBER_CREATE_PIN,dan-li-ren-70,4298ff25add25f8f3fc1d26f01fb9a98,
,,,941673076816171008,,,,2018-01-30 14:05:56,每天站在高楼上，看着地上的小蚂蚁，他们…,,MEMBER_CREATE_PIN,dan-li-ren-70,4298ff25add25f8f3fc1d26f01fb9a98,
,,,,68408181,,,2018-01-06 21:05:23,如何评价奚梦瑶在维秘录制时摔倒？,"[276, 930, 1793, 7635, 191090]",QUESTION_FOLLOW,zebravo,3d0e94aea0ac1274a6dfd961935081cf,
,,,,,,,2018-01-06 13:47:45,2017 年度盘点,20114623,TOPIC_FOLLOW,zebravo,3d0e94aea0ac1274a6dfd961935081cf,
,,,,,bestof2017,,2018-01-06 13:47:35,2017 年度盘点,,MEMBER_FOLLOW_ROUNDTABLE,zebravo,3d0e94aea0ac1274a6dfd961935081cf,
,,,,272639022,,3403,2018-01-04 23:34:50,有哪些被绿的故事？,"[982, 4729, 11213, 44362, 156283]",ANSWER_VOTE_UP,zebravo,3d0e94aea0ac1274a6dfd961935081cf,18292
,,,,148715080,,192,2018-01-04 20:54:09,我军在抗日战争、解放战争、抗美援朝战争期间，有哪些感人的或具有血性的故事？,"[284, 3115, 17461, 36341, 174003]",ANSWER_VOTE_UP,zebravo,3d0e94aea0ac1274a6dfd961935081cf,1203
,,,,285384527,,84,2017-12-29 23:52:36,如何看待杜海涛创下中国电影100年最低记录？,"[68, 404, 20858, 93359, 186163]",ANSWER_VOTE_UP,zebravo,3d0e94aea0ac1274a6dfd961935081cf,1000
,,,,275094280,,3080,2017-12-26 21:17:48,如何挑选一款能提高颜值的发型？,"[276, 3529, 3885, 9403, 44472]",ANSWER_VOTE_UP,zebravo,3d0e94aea0ac1274a6dfd961935081cf,23255
,,,,280988467,,716,2017-12-26 21:14:42,老师教过你最奇葩的知识有哪些？,"[676, 988, 1243, 20223, 21612]",ANSWER_VOTE_UP,zebravo,3d0e94aea0ac1274a6dfd961935081cf,6632
,,,,307221576,,233,2018-01-30 13:52:42,哪位经常被黑的明星是你莫名讨厌不起来的？,"[68, 1718, 1793, 2102, 77591]",ANSWER_CREATE,dan-li-ren-70,4298ff25add25f8f3fc1d26f01fb9a98,3940
,,,941658015187910656,,,,2018-01-30 13:06:06,学如逆水行舟，不进则退,,MEMBER_CREATE_PIN,dan-li-ren-70,4298ff25add25f8f3fc1d26f01fb9a98,
,,,941655135383003136,,,,2018-01-30 12:54:39,白日惨光辉,,MEMBER_CREATE_PIN,dan-li-ren-70,4298ff25add25f8f3fc1d26f01fb9a98,
,,,941652236636487680,,,,2018-01-30 12:43:08,我还想再发一条，希望能够熟练掌握这种小…,,MEMBER_CREATE_PIN,dan-li-ren-70,4298ff25add25f8f3fc1d26f01fb9a98,
,,,941651745668116480,,,,2018-01-30 12:41:11,新买了一个蓝牙键盘，科技时代实在是太厉…,,MEMBER_CREATE_PIN,dan-li-ren-70,4298ff25add25f8f3fc1d26f01fb9a98,
,,,941477783193473024,,,,2018-01-30 01:09:55,这个时代没有怀才不遇，依托互联网，你创…,,MEMBER_CREATE_PIN,dan-li-ren-70,4298ff25add25f8f3fc1d26f01fb9a98,
,,,941461856112566272,,,,2018-01-30 00:06:38,与他人的共在是我们确认自我，关爱世界的…,,MEMBER_CREATE_PIN,dan-li-ren-70,4298ff25add25f8f3fc1d26f01fb9a98,
,,,941461252489420800,,,,2018-01-30 00:04:14,只有当人开始创新行为和开启行动的时候，…,,MEMBER_CREATE_PIN,dan-li-ren-70,4298ff25add25f8f3fc1d26f01fb9a98,
,,,,,,,2017-12-25 21:53:34,中国现代文学作家,19946767,TOPIC_FOLLOW,zebravo,3d0e94aea0ac1274a6dfd961935081cf,
,,,,20692951,,,2017-12-25 21:52:40,如何评价张爱玲的作品？,"[73, 113, 2058, 10016, 177394]",QUESTION_FOLLOW,zebravo,3d0e94aea0ac1274a6dfd961935081cf,
,,,,281965060,,151,2017-12-25 08:02:46,考研裸考是怎样一种感觉？,"[4287, 163741]",ANSWER_VOTE_UP,zebravo,3d0e94aea0ac1274a6dfd961935081cf,1918
,,,,264443964,,,2017-12-25 07:59:18,参加 2018 年研究生考试是一种什么样的体验？,"[1746, 4287]",QUESTION_FOLLOW,zebravo,3d0e94aea0ac1274a6dfd961935081cf,
,,,,,,,2017-12-25 07:58:31,刘看山邀你见证：中国永久禁止象牙贸易,,LIVE_JOIN,zebravo,3d0e94aea0ac1274a6dfd961935081cf,
,,,,280245260,,5,2017-12-22 12:48:31,在清华读博感觉心累怎么办？,"[4330, 5259, 114465, 178683]",ANSWER_VOTE_UP,zebravo,3d0e94aea0ac1274a6dfd961935081cf,89
,,,,280285915,,207,2017-12-22 07:52:33,你所做过的最好的手工 DIY 是什么样子？,"[69, 445, 1215, 1309, 74879]",ANSWER_VOTE_UP,zebravo,3d0e94aea0ac1274a6dfd961935081cf,1313
,,,,25708104,,,2017-12-20 12:52:34,三国有哪些有趣的冷知识？,"[1309, 3676, 11066, 13152, 17463]",QUESTION_FOLLOW,zebravo,3d0e94aea0ac1274a6dfd961935081cf,
,,,941386089861300224,,,,2018-01-29 19:05:33,日拱一卒，循序渐进,,MEMBER_CREATE_PIN,dan-li-ren-70,4298ff25add25f8f3fc1d26f01fb9a98,
,,,941364603016478720,,,,2018-01-29 17:40:11,新年新气象，特别喜欢家乡,,MEMBER_CREATE_PIN,dan-li-ren-70,4298ff25add25f8f3fc1d26f01fb9a98,
,,,941355008164343808,,,,2018-01-29 17:02:03,#知乎网友请出题# 一则广告，“衣服不搭…,,MEMBER_CREATE_PIN,dan-li-ren-70,4298ff25add25f8f3fc1d26f01fb9a98,
,,,941332874780184576,,,,2018-01-29 15:34:06,1GB,,MEMBER_CREATE_PIN,dan-li-ren-70,4298ff25add25f8f3fc1d26f01fb9a98,
,,,941057636284821504,,,,2018-01-28 21:20:24,“人有恒心，须有恒业，故学者以治生为急…,,MEMBER_CREATE_PIN,dan-li-ren-70,4298ff25add25f8f3fc1d26f01fb9a98,
,,,941019273137717248,,,,2018-01-28 18:47:58,在写作时一定要注意人设的问题，先把这个…,,MEMBER_CREATE_PIN,dan-li-ren-70,4298ff25add25f8f3fc1d26f01fb9a98,
,,,940739287420035072,,,,2018-01-28 00:15:24,要给这位哥或者姐跪了，大半夜把我逗乐了…,,MEMBER_CREATE_PIN,dan-li-ren-70,4298ff25add25f8f3fc1d26f01fb9a98,
,,,940650407102578688,,,,2018-01-27 18:22:13,你招惹过谁，谁招惹过你，要做到心中有数…,,MEMBER_CREATE_PIN,dan-li-ren-70,4298ff25add25f8f3fc1d26f01fb9a98,
,,,,270608792,,1376,2017-12-19 20:49:43,有哪些名气不大颜值挺高演技还不错的演员？,"[68, 1497, 5419, 8412, 29916]",ANSWER_VOTE_UP,zebravo,3d0e94aea0ac1274a6dfd961935081cf,15622
,,,,23500363,,,2017-12-18 22:14:44,《布达佩斯大饭店》这部电影是想传达什么呢？和茨威格的经历有什么关系？,"[68, 8412, 9000, 67705, 156540]",QUESTION_FOLLOW,zebravo,3d0e94aea0ac1274a6dfd961935081cf,
,,,,21991808,,,2017-12-18 22:10:32,怎样才能写好影评？,"[68, 767, 1497, 8412, 42364]",QUESTION_FOLLOW,zebravo,3d0e94aea0ac1274a6dfd961935081cf,
,,,,,,,2017-12-18 22:07:36,每周影评 专栏,19637930,TOPIC_FOLLOW,zebravo,3d0e94aea0ac1274a6dfd961935081cf,
,,,,38739841,,,2017-12-18 22:02:22,距考研还剩一周，突然不想考了怎么办？,"[119, 4287, 25992, 62421, 186173]",QUESTION_FOLLOW,zebravo,3d0e94aea0ac1274a6dfd961935081cf,
,,,,272735502,,823,2017-12-17 20:05:14,为什么吃方便面的人越来越少？,"[1740, 6333, 7127, 14591, 175835]",ANSWER_VOTE_UP,zebravo,3d0e94aea0ac1274a6dfd961935081cf,8196
,,,,277699563,,416,2017-12-17 20:04:28,二流大学和一流大学的差距有哪些？,"[2029, 3145, 4287, 8178]",ANSWER_VOTE_UP,zebravo,3d0e94aea0ac1274a6dfd961935081cf,3009
,,,,20161710,,,2017-12-17 19:54:34,传播学有哪些著名的理论？,"[1397, 3394, 5684, 10433]",QUESTION_FOLLOW,zebravo,3d0e94aea0ac1274a6dfd961935081cf,
,,,940649387928604672,,,,2018-01-27 18:18:10,君子绝交，不出恶言，这句话是对的，那些…,,MEMBER_CREATE_PIN,dan-li-ren-70,4298ff25add25f8f3fc1d26f01fb9a98,
,,,940643446562840576,,,,2018-01-27 17:54:34,生动的细节一抓住人们的想象力，就能产生…,,MEMBER_CREATE_PIN,dan-li-ren-70,4298ff25add25f8f3fc1d26f01fb9a98,
,,,,304566249,,0,2018-01-26 22:43:31,如果一个人喜欢吃屎，他人能不能反对？,"[8619, 9296]",ANSWER_CREATE,dan-li-ren-70,4298ff25add25f8f3fc1d26f01fb9a98,7
,,,,266177945,,,2018-01-26 22:25:08,如果一个人喜欢吃屎，他人能不能反对？,"[8619, 9296]",QUESTION_FOLLOW,dan-li-ren-70,4298ff25add25f8f3fc1d26f01fb9a98,
,,,,304552246,,5,2018-01-26 22:24:19,你曾经误解最大的一个历史人物是谁？,"[284, 285, 686, 17463]",ANSWER_CREATE,dan-li-ren-70,4298ff25add25f8f3fc1d26f01fb9a98,14
,,,940344842887442432,,,,2018-01-26 22:08:01,这广告好6，话说是得给老婆买钻戒了，今…,,MEMBER_CREATE_PIN,dan-li-ren-70,4298ff25add25f8f3fc1d26f01fb9a98,
,,,940307611355156480,,,,2018-01-26 19:40:04,这都是哪儿跟哪儿啊,,MEMBER_CREATE_PIN,dan-li-ren-70,4298ff25add25f8f3fc1d26f01fb9a98,
,,,940301765351129088,,,,2018-01-26 19:16:50,收藏从四个变为五个，这位匿名挂我的朋友…,,MEMBER_CREATE_PIN,dan-li-ren-70,4298ff25add25f8f3fc1d26f01fb9a98,
,,,,222277208,,1688,2017-12-16 22:44:46,年轻人买房要注意什么？,"[307, 922, 1450, 1708, 3865]",ANSWER_VOTE_UP,zebravo,3d0e94aea0ac1274a6dfd961935081cf,4427
,,,,273900523,,2169,2017-12-13 13:35:12,2017 年，你观察到哪些消费升级现象？,"[99, 196, 937, 1740, 191161]",ANSWER_VOTE_UP,zebravo,3d0e94aea0ac1274a6dfd961935081cf,28430
,,,,22160516,,,2017-12-12 15:46:51,如何评价英国导演盖里奇？,[2805],QUESTION_FOLLOW,zebravo,3d0e94aea0ac1274a6dfd961935081cf,
,,,,,,,2017-12-12 12:31:49,国家宝藏 2017（综艺）,20137670,TOPIC_FOLLOW,zebravo,3d0e94aea0ac1274a6dfd961935081cf,
,,,,186651558,,3,2017-12-12 12:02:19,德国有哪些著名的电影导演？,"[1595, 66653]",ANSWER_VOTE_UP,zebravo,3d0e94aea0ac1274a6dfd961935081cf,6
,,,,20461986,,,2017-12-12 12:02:04,德国有哪些著名的电影导演？,"[1595, 66653]",QUESTION_FOLLOW,zebravo,3d0e94aea0ac1274a6dfd961935081cf,
,,,,273841572,,257,2017-12-12 09:05:45,如何评价第七期《演员的诞生》袁立的表现？,"[5419, 17509, 22839, 169015, 187179]",ANSWER_VOTE_UP,zebravo,3d0e94aea0ac1274a6dfd961935081cf,2094
,,,,274306463,,307,2017-12-12 09:02:06,如何评价第七期《演员的诞生》袁立的表现？,"[5419, 17509, 22839, 169015, 187179]",ANSWER_VOTE_UP,zebravo,3d0e94aea0ac1274a6dfd961935081cf,3683
,,,940292269752942592,,,,2018-01-26 18:39:06,首先，并不是为人师表，是自由撰稿人，别…,,MEMBER_CREATE_PIN,dan-li-ren-70,4298ff25add25f8f3fc1d26f01fb9a98,
,,,940273713040662528,,,,2018-01-26 17:25:22,不厌其烦的对自己说，“时间最重要”，“…,,MEMBER_CREATE_PIN,dan-li-ren-70,4298ff25add25f8f3fc1d26f01fb9a98,
,,,940267536382640128,,,,2018-01-26 17:00:50,不是风动，不是幡动，仁者心动，如果你心…,,MEMBER_CREATE_PIN,dan-li-ren-70,4298ff25add25f8f3fc1d26f01fb9a98,
,,,940260620323536896,,,,2018-01-26 16:33:21,经常收到知友的私信，大多数都说自己很焦…,,MEMBER_CREATE_PIN,dan-li-ren-70,4298ff25add25f8f3fc1d26f01fb9a98,
,,,940259973163466752,,,,2018-01-26 16:30:46,莫和傻13吹牛13,,MEMBER_CREATE_PIN,dan-li-ren-70,4298ff25add25f8f3fc1d26f01fb9a98,
,,,940259890787336192,,,,2018-01-26 16:30:27,人要是没点优越感是活不下去的,,MEMBER_CREATE_PIN,dan-li-ren-70,4298ff25add25f8f3fc1d26f01fb9a98,
,,,940231563519180800,,,,2018-01-26 14:37:53,在技术世界中，改变意味着进步，而在艺术…,,MEMBER_CREATE_PIN,dan-li-ren-70,4298ff25add25f8f3fc1d26f01fb9a98,
,,,940229589415518208,,,,2018-01-26 14:30:02,学习写作首先要弄弄明白小说的意图与要素…,,MEMBER_CREATE_PIN,dan-li-ren-70,4298ff25add25f8f3fc1d26f01fb9a98,
,,,,274038604,,603,2017-12-12 09:01:20,如何评价第七期《演员的诞生》袁立的表现？,"[5419, 17509, 22839, 169015, 187179]",ANSWER_VOTE_UP,zebravo,3d0e94aea0ac1274a6dfd961935081cf,6837
,,,,273787564,,478,2017-12-12 08:59:55,如何评价第七期《演员的诞生》袁立的表现？,"[5419, 17509, 22839, 169015, 187179]",ANSWER_VOTE_UP,zebravo,3d0e94aea0ac1274a6dfd961935081cf,5244
,,,,274088880,,642,2017-12-12 08:58:19,如何评价第七期《演员的诞生》袁立的表现？,"[5419, 17509, 22839, 169015, 187179]",ANSWER_VOTE_UP,zebravo,3d0e94aea0ac1274a6dfd961935081cf,8604
,,,,274193755,,3020,2017-12-12 08:53:23,如何评价第七期《演员的诞生》袁立的表现？,"[5419, 17509, 22839, 169015, 187179]",ANSWER_VOTE_UP,zebravo,3d0e94aea0ac1274a6dfd961935081cf,33301
,,,,55223823,,,2017-12-11 21:40:25,哪一首现代诗成了你长久的精神食粮？,"[2058, 4579, 15344, 43803, 96889]",QUESTION_FOLLOW,zebravo,3d0e94aea0ac1274a6dfd961935081cf,
,,,,183243757,,3098,2017-12-11 07:45:32,如何评价中国版电视剧《深夜食堂》？,"[2102, 179665]",ANSWER_VOTE_UP,zebravo,3d0e94aea0ac1274a6dfd961935081cf,36972
,,,,132598647,,5,2017-12-05 19:02:44,有哪些著名的电影配乐大师？,"[75, 7590, 11323, 37121]",ANSWER_VOTE_UP,zebravo,3d0e94aea0ac1274a6dfd961935081cf,17
,,,,270843714,,146,2017-12-05 18:56:06,博士生们都在干什么？,"[988, 2232, 2725, 3252, 5259]",ANSWER_VOTE_UP,zebravo,3d0e94aea0ac1274a6dfd961935081cf,1564
,,,940228377681145856,,,,2018-01-26 14:25:13,小说是进行中的生活的生动体现，它是生活…,,MEMBER_CREATE_PIN,dan-li-ren-70,4298ff25add25f8f3fc1d26f01fb9a98,
,,,940224665189367808,,,,2018-01-26 14:10:28,一个词一个词查起,,MEMBER_CREATE_PIN,dan-li-ren-70,4298ff25add25f8f3fc1d26f01fb9a98,
,,,940219563527393280,,,,2018-01-26 13:50:12,如果真的爱自己的父母妻子，那就多赚钱给…,,MEMBER_CREATE_PIN,dan-li-ren-70,4298ff25add25f8f3fc1d26f01fb9a98,
,,,940219319284674560,,,,2018-01-26 13:49:14,与这本书相遇也许是值得庆贺的,,MEMBER_CREATE_PIN,dan-li-ren-70,4298ff25add25f8f3fc1d26f01fb9a98,
,,,939984332920750080,,,,2018-01-25 22:15:29,物有必至，事有固然,,MEMBER_CREATE_PIN,dan-li-ren-70,4298ff25add25f8f3fc1d26f01fb9a98,
,,,,303782944,,2,2018-01-25 21:52:23,一个有修养的人应该如何表达他的愤怒？,"[307, 404, 1761, 2246, 3946]",ANSWER_CREATE,dan-li-ren-70,4298ff25add25f8f3fc1d26f01fb9a98,12
,,,939970105107615744,,,,2018-01-25 21:18:56,本次 Live 主要包括以下内容 • 系统阅…,,MEMBER_CREATE_PIN,dan-li-ren-70,4298ff25add25f8f3fc1d26f01fb9a98,
,,,939968752423604224,,,,2018-01-25 21:13:34,各就各位,,MEMBER_CREATE_PIN,dan-li-ren-70,4298ff25add25f8f3fc1d26f01fb9a98,
31639472,,,,,,,2017-12-04 07:55:52,娱乐圈一场大会，炸出了这么多假演员真戏精！,,MEMBER_VOTEUP_ARTICLE,zebravo,3d0e94aea0ac1274a6dfd961935081cf,35407
,,,,170946930,,0,2017-12-02 11:49:49,作家电影与作者电影的区别？,[40264],ANSWER_VOTE_UP,zebravo,3d0e94aea0ac1274a6dfd961935081cf,10
,,,,59922200,,,2017-12-02 11:49:47,作家电影与作者电影的区别？,[40264],QUESTION_FOLLOW,zebravo,3d0e94aea0ac1274a6dfd961935081cf,
,,,,22869686,,,2017-12-02 11:18:30,什么是道格玛 95（Dogme 95）？,"[68, 2437, 4217, 107114]",QUESTION_FOLLOW,zebravo,3d0e94aea0ac1274a6dfd961935081cf,
,,,,267050487,,26,2017-11-28 16:08:17,有哪些值得一看的西班牙电影？,"[68, 2191, 7075, 14007, 124601]",ANSWER_VOTE_UP,zebravo,3d0e94aea0ac1274a6dfd961935081cf,66
,,,,263753660,,1781,2017-11-24 13:37:47,怎么看待张雪峰在快本上关于五险一金的言论？,"[1067, 1657, 70264, 135389, 199568]",ANSWER_VOTE_UP,zebravo,3d0e94aea0ac1274a6dfd961935081cf,12353
31200069,,,,,,,2017-11-21 13:06:38,草根网红餐厅简史,,MEMBER_VOTEUP_ARTICLE,zebravo,3d0e94aea0ac1274a6dfd961935081cf,1193
,,,,262548054,,253,2017-11-20 23:26:44,什么样的学生最坑导师？,"[988, 3252, 4287, 5259, 6756]",ANSWER_VOTE_UP,zebravo,3d0e94aea0ac1274a6dfd961935081cf,3212
,,,939950133715156992,,,,2018-01-25 19:59:35,琐事养活人，也要人的命,,MEMBER_CREATE_PIN,dan-li-ren-70,4298ff25add25f8f3fc1d26f01fb9a98,
,,,939950078174232576,,,,2018-01-25 19:59:22,一睁开眼，柴米油盐酱醋茶样样都得花钱，…,,MEMBER_CREATE_PIN,dan-li-ren-70,4298ff25add25f8f3fc1d26f01fb9a98,
,,,939942548735782912,,,,2018-01-25 19:29:26,五色令人目盲，五音令人耳聋，五味令人口…,,MEMBER_CREATE_PIN,dan-li-ren-70,4298ff25add25f8f3fc1d26f01fb9a98,
,,,939909181810196480,,,,2018-01-25 17:16:51,躲进小楼成一统，管他春夏与秋冬,,MEMBER_CREATE_PIN,dan-li-ren-70,4298ff25add25f8f3fc1d26f01fb9a98,
,,,939566815379144704,,,,2018-01-24 18:36:25,卡里斯马型的领导必须创造一个又一个的奇…,,MEMBER_CREATE_PIN,dan-li-ren-70,4298ff25add25f8f3fc1d26f01fb9a98,
,,,939555276408512512,,,,2018-01-24 17:50:34,安禅制毒龙,,MEMBER_CREATE_PIN,dan-li-ren-70,4298ff25add25f8f3fc1d26f01fb9a98,
,,,,302882839,,1,2018-01-24 17:32:36,有哪些靠谱的写作课（中文）？,"[53, 63, 99, 767, 42364]",ANSWER_CREATE,dan-li-ren-70,4298ff25add25f8f3fc1d26f01fb9a98,2
,,,939280349918937088,,,,2018-01-23 23:38:06,回到家忙活了一整天，明天还要收拾书，等…,,MEMBER_CREATE_PIN,dan-li-ren-70,4298ff25add25f8f3fc1d26f01fb9a98,
,,,,257544487,,6744,2017-11-18 14:17:06,你认为年轻人千万别碰哪些东西？,"[307, 1761, 6551, 12706]",ANSWER_VOTE_UP,zebravo,3d0e94aea0ac1274a6dfd961935081cf,15365
,,,,67182725,,,2017-11-17 19:03:11,如何看待《不成问题的问题》里的中国式人情？,"[68, 2058, 34938, 174892, 174900]",QUESTION_FOLLOW,zebravo,3d0e94aea0ac1274a6dfd961935081cf,
,,,,260618971,,8,2017-11-17 00:20:40,如何评价华为 Mate 10 官方宣传图片里的“附近清真寺”？,"[488, 2449, 14742, 21576, 126326]",ANSWER_VOTE_UP,zebravo,3d0e94aea0ac1274a6dfd961935081cf,55
,,,,250427634,,581,2017-11-16 18:36:12,你导师是如何嫌弃你的？,"[1657, 2566, 6756, 13306]",ANSWER_VOTE_UP,zebravo,3d0e94aea0ac1274a6dfd961935081cf,8020
31053819,,,,,,,2017-11-16 14:24:11,给老罗的信,,MEMBER_VOTEUP_ARTICLE,zebravo,3d0e94aea0ac1274a6dfd961935081cf,1416
30004744,,,,,,,2017-11-15 20:10:24,名古屋孕妇剖腹事件,,MEMBER_VOTEUP_ARTICLE,zebravo,3d0e94aea0ac1274a6dfd961935081cf,1137
,,,,259168462,,1508,2017-11-14 17:01:16,江歌母亲发起的《请求判决陈世峰死刑的签名活动》合法吗？,"[215, 4244, 6503, 188018, 188259]",ANSWER_VOTE_UP,zebravo,3d0e94aea0ac1274a6dfd961935081cf,14125
,,,,42385585,,1,2017-11-07 15:37:15,大卫·芬奇在《搏击俱乐部》里有何导演手法特色的体现？电影对小说有何提升？,"[2805, 38162, 41666, 43590]",ANSWER_VOTE_UP,zebravo,3d0e94aea0ac1274a6dfd961935081cf,4
,,,939272354061344768,,,,2018-01-23 23:06:20,硬广还是起到了一定的效果，不知道四个收…,,MEMBER_CREATE_PIN,dan-li-ren-70,4298ff25add25f8f3fc1d26f01fb9a98,
,,,938803593613156352,,,,2018-01-22 16:03:38,鞋子合不合适，只有脚知道,,MEMBER_CREATE_PIN,dan-li-ren-70,4298ff25add25f8f3fc1d26f01fb9a98,
,,,938715681559175168,,,,2018-01-22 10:14:19,以退为进，我灰太狼还会回来的！,,MEMBER_CREATE_PIN,dan-li-ren-70,4298ff25add25f8f3fc1d26f01fb9a98,
,,,,300868362,,3,2018-01-22 00:10:14,如何评价阿米尔·汗的电影《神秘巨星》（Secret Superstar）？,"[68, 21006, 165229, 207737]",ANSWER_CREATE,dan-li-ren-70,4298ff25add25f8f3fc1d26f01fb9a98,61
,,,938517791565963264,,,,2018-01-21 21:07:58,总是忍不住说别人坏话，而不是去编排，去…,,MEMBER_CREATE_PIN,dan-li-ren-70,4298ff25add25f8f3fc1d26f01fb9a98,
,,,938421736786694144,,,,2018-01-21 14:46:17,君子慎独,,MEMBER_CREATE_PIN,dan-li-ren-70,4298ff25add25f8f3fc1d26f01fb9a98,
,,,938200826318127104,,,,2018-01-21 00:08:27,这是我的恩人，希望他能够只争朝夕的挂我…,,MEMBER_CREATE_PIN,dan-li-ren-70,4298ff25add25f8f3fc1d26f01fb9a98,
,,,,28866311,,,2017-11-07 15:37:12,大卫·芬奇在《搏击俱乐部》里有何导演手法特色的体现？电影对小说有何提升？,"[2805, 38162, 41666, 43590]",QUESTION_FOLLOW,zebravo,3d0e94aea0ac1274a6dfd961935081cf,
,,,,253760995,,109,2017-11-07 14:34:49,如何评价苏宁被曝禁止员工在京东购物 一经发现立即开除？,"[215, 1398, 1657, 29958, 66750]",ANSWER_VOTE_UP,zebravo,3d0e94aea0ac1274a6dfd961935081cf,1551
,,,,254643925,,895,2017-11-07 14:20:55,如何评价苏宁被曝禁止员工在京东购物 一经发现立即开除？,"[215, 1398, 1657, 29958, 66750]",ANSWER_VOTE_UP,zebravo,3d0e94aea0ac1274a6dfd961935081cf,10642
,,,,39387404,,479,2017-11-07 12:20:37,白酒真的好喝么？,[475],ANSWER_VOTE_UP,zebravo,3d0e94aea0ac1274a6dfd961935081cf,1200
,,,,255452166,,226,2017-11-07 11:33:06,有哪些演技在不同作品浮动大的演员？,"[68, 1718, 5419, 17509, 29916]",ANSWER_VOTE_UP,zebravo,3d0e94aea0ac1274a6dfd961935081cf,2886
,,,938195914905690112,,,,2018-01-20 23:48:57,2万块，跟进3个月，电话沟通+审查稿件，…,,MEMBER_CREATE_PIN,dan-li-ren-70,4298ff25add25f8f3fc1d26f01fb9a98,
,,,,44643728,,244,2017-11-07 11:18:14,什么样的电视剧故事大纲才算合格？,"[1874, 2102, 4613, 8412, 67623]",ANSWER_VOTE_UP,zebravo,3d0e94aea0ac1274a6dfd961935081cf,559
,,,,45859380,,,2017-11-07 10:29:20,为什么我写不好故事大纲？,"[1874, 4613, 43590, 67623, 127419]",QUESTION_FOLLOW,zebravo,3d0e94aea0ac1274a6dfd961935081cf,
,,,,21437354,,,2017-11-07 10:25:35,从《断背山》到《少年 Pi 的奇幻漂流》，李安的导演手法有了怎样的改变？,"[68, 69, 307, 2805, 8412]",QUESTION_FOLLOW,zebravo,3d0e94aea0ac1274a6dfd961935081cf,
,,,,300167291,,0,2018-01-20 23:32:22,单立人是骗子吗？,"[767, 14838, 106515, 176364, 191409]",ANSWER_CREATE,dan-li-ren-70,4298ff25add25f8f3fc1d26f01fb9a98,13
,,,938175294935388160,,,,2018-01-20 22:27:00,自己的事业创造了价值，所以时刻对其存着…,,MEMBER_CREATE_PIN,dan-li-ren-70,4298ff25add25f8f3fc1d26f01fb9a98,
,,,938161329480204288,,,,2018-01-20 21:31:31,一定要珍惜时间，时间才是最宝贵的,,MEMBER_CREATE_PIN,dan-li-ren-70,4298ff25add25f8f3fc1d26f01fb9a98,
,,,938100241787072512,,,,2018-01-20 17:28:46,日拱一卒，学会等待,,MEMBER_CREATE_PIN,dan-li-ren-70,4298ff25add25f8f3fc1d26f01fb9a98,
,,,938076051893714944,,,,2018-01-20 15:52:39,新鲜出炉的live，快来人呀,,MEMBER_CREATE_PIN,dan-li-ren-70,4298ff25add25f8f3fc1d26f01fb9a98,
,,,938028345091473408,,,,2018-01-20 12:43:05,一对一指导的日常,,MEMBER_CREATE_PIN,dan-li-ren-70,4298ff25add25f8f3fc1d26f01fb9a98,
,,,,299550301,,0,2018-01-20 01:23:26,为什么越长大对世界越温柔？,"[1286, 1607, 2246, 3946, 4467]",ANSWER_CREATE,dan-li-ren-70,4298ff25add25f8f3fc1d26f01fb9a98,13
,,,937855990767628288,,,,2018-01-20 01:18:12,Yes!,,MEMBER_CREATE_PIN,dan-li-ren-70,4298ff25add25f8f3fc1d26f01fb9a98,
,,,,245381261,,149,2017-11-07 09:44:31,如何创作剧本？,"[68, 1874, 4613]",ANSWER_VOTE_UP,zebravo,3d0e94aea0ac1274a6dfd961935081cf,351
,,,,43032538,,,2017-11-07 08:39:20,如何评价Starz的电视剧《应召女友》(The Girlfriend Experience)？,"[316, 2102, 8412, 70264]",QUESTION_FOLLOW,zebravo,3d0e94aea0ac1274a6dfd961935081cf,
,,,910449239256317952,,,,2017-11-05 10:13:34,west lake,,MEMBER_CREATE_PIN,zebravo,3d0e94aea0ac1274a6dfd961935081cf,
,,,,253051180,,271,2017-11-04 20:21:09,有哪些令人心碎的小故事？,"[113, 1307, 6311, 33314]",ANSWER_VOTE_UP,zebravo,3d0e94aea0ac1274a6dfd961935081cf,1813
,,,,254392277,,22,2017-11-04 20:15:12,如何看待乐视网 IPO 财务造假？会对中国的证券市场产生什么影响？,"[3107, 3592, 4887, 19800, 163687]",ANSWER_VOTE_UP,zebravo,3d0e94aea0ac1274a6dfd961935081cf,116
,,,910237726293426176,,,,2017-11-04 20:13:05,逛店,,MEMBER_CREATE_PIN,zebravo,3d0e94aea0ac1274a6dfd961935081cf,
30728289,,,,,,,2017-11-04 20:09:34,段奕宏：国际影帝无人问，野鸡影帝上热搜,,MEMBER_VOTEUP_ARTICLE,zebravo,3d0e94aea0ac1274a6dfd961935081cf,29271
,,,909833106228330496,,,,2017-11-03 17:25:16,ip创投大会,,MEMBER_CREATE_PIN,zebravo,3d0e94aea0ac1274a6dfd961935081cf,
,,,937855910069166080,,,,2018-01-20 01:17:53,看到一个嘲笑三本的知乎回答，竟然还得了…,,MEMBER_CREATE_PIN,dan-li-ren-70,4298ff25add25f8f3fc1d26f01fb9a98,
,,,937855202238464000,,,,2018-01-20 01:15:04,放手去闯，莫结秀才，多认识几个有本事的…,,MEMBER_CREATE_PIN,dan-li-ren-70,4298ff25add25f8f3fc1d26f01fb9a98,
,,,937854207336894464,,,,2018-01-20 01:11:07,"毕业后遇到不少学历癌，言必谈985,211，…",,MEMBER_CREATE_PIN,dan-li-ren-70,4298ff25add25f8f3fc1d26f01fb9a98,
,,,,299542780,,1,2018-01-20 01:05:40,三本学生想考清华大学理工类的研究生能行吗？,"[2029, 3252, 4287, 4330, 6659]",ANSWER_CREATE,dan-li-ren-70,4298ff25add25f8f3fc1d26f01fb9a98,38
,,,937835637659963392,,,,2018-01-19 23:57:20,好心酸,,MEMBER_CREATE_PIN,dan-li-ren-70,4298ff25add25f8f3fc1d26f01fb9a98,
,,,937821210541813760,,,,2018-01-19 23:00:00,得于孔氏南宗家庙,,MEMBER_CREATE_PIN,dan-li-ren-70,4298ff25add25f8f3fc1d26f01fb9a98,
,,,937738226816028672,,,,2018-01-19 17:30:15,读书会上瘾的,,MEMBER_CREATE_PIN,dan-li-ren-70,4298ff25add25f8f3fc1d26f01fb9a98,
,,,937715938787803136,,,,2018-01-19 16:01:41,即将转移根据地的大鹏哟,,MEMBER_CREATE_PIN,dan-li-ren-70,4298ff25add25f8f3fc1d26f01fb9a98,
,,,,251520389,,428,2017-11-03 17:23:47,有什么相见恨晚的小知识？,[1309],ANSWER_VOTE_UP,zebravo,3d0e94aea0ac1274a6dfd961935081cf,2818
30681765,,,,,,,2017-11-03 17:01:45,章子怡：你的脸蛋，天生为大银幕而生,,MEMBER_VOTEUP_ARTICLE,zebravo,3d0e94aea0ac1274a6dfd961935081cf,7130
,,,,253225561,,550,2017-11-01 15:55:45,章子怡的演技究竟有多好?,"[643, 29916, 47917, 113770]",ANSWER_VOTE_UP,zebravo,3d0e94aea0ac1274a6dfd961935081cf,5225
,,,,250011122,,384,2017-10-28 15:08:13,大学两年读了大概 200 本书，为什么感觉读书的价值还是没有体现出来？,"[113, 153052]",ANSWER_VOTE_UP,zebravo,3d0e94aea0ac1274a6dfd961935081cf,1754
,,,,250310370,,70,2017-10-26 22:45:27,如何评价北欧艺术？北欧艺术的精髓如何体现？,"[69, 445, 1761, 7503, 70264]",ANSWER_VOTE_UP,zebravo,3d0e94aea0ac1274a6dfd961935081cf,393
,,,,67128687,,,2017-10-26 22:42:05,如何评价北欧艺术？北欧艺术的精髓如何体现？,"[69, 445, 1761, 7503, 70264]",QUESTION_FOLLOW,zebravo,3d0e94aea0ac1274a6dfd961935081cf,
,,,,250543114,,208,2017-10-26 22:39:47,研究生学历对大学生找工作有多大作用？,"[2566, 3392, 3789, 4287]",ANSWER_VOTE_UP,zebravo,3d0e94aea0ac1274a6dfd961935081cf,806
,,,,249832897,,252,2017-10-26 22:17:32,博士由于方向窄就业会更困难吗？,"[1771, 2232, 5259, 10033, 13306]",ANSWER_VOTE_UP,zebravo,3d0e94aea0ac1274a6dfd961935081cf,2477
33101548,,,,,,,2018-01-19 15:47:38,单立人的live：当你阅读时，你该注意些什么？,,MEMBER_CREATE_ARTICLE,dan-li-ren-70,4298ff25add25f8f3fc1d26f01fb9a98,2
33101496,,,,,,,2018-01-19 15:46:55,单立人的live：当你阅读时，你该注意些什么？,,MEMBER_CREATE_ARTICLE,dan-li-ren-70,4298ff25add25f8f3fc1d26f01fb9a98,0
33101451,,,,,,,2018-01-19 15:46:09,单立人的live：当你阅读时，你该注意些什么？,,MEMBER_CREATE_ARTICLE,dan-li-ren-70,4298ff25add25f8f3fc1d26f01fb9a98,0
33101235,,,,,,,2018-01-19 15:44:44,单立人的live：当你阅读时，你该注意些什么？,,MEMBER_CREATE_ARTICLE,dan-li-ren-70,4298ff25add25f8f3fc1d26f01fb9a98,0
,,,937706511485616128,,,,2018-01-19 15:24:14,本期live重点讲述，系统阅读、交叉阅读以…,,MEMBER_CREATE_PIN,dan-li-ren-70,4298ff25add25f8f3fc1d26f01fb9a98,
,,,,,,,2018-01-19 15:22:15,当你阅读时，你该注意些什么？,,LIVE_PUBLISH,dan-li-ren-70,4298ff25add25f8f3fc1d26f01fb9a98,
,,,,299147695,,160,2018-01-19 15:13:57,毕业后回到三四线老家工作的人，为这个决定后悔过吗？,"[1537, 12706]",ANSWER_CREATE,dan-li-ren-70,4298ff25add25f8f3fc1d26f01fb9a98,1164
,,,,,middleage,,2018-01-19 13:17:59,30 岁人生攻略,,MEMBER_FOLLOW_ROUNDTABLE,dan-li-ren-70,4298ff25add25f8f3fc1d26f01fb9a98,
,,,,19766726,,,2017-10-25 18:44:13,如何理解「崖山之后无中国」？,"[285, 2440, 12230, 19771]",QUESTION_FOLLOW,zebravo,3d0e94aea0ac1274a6dfd961935081cf,
,,,,48741493,,,2017-10-25 18:36:05,鲁迅的老师藤野先生，在文章之后的命运如何？,"[229, 285, 2058, 2728, 113849]",QUESTION_FOLLOW,zebravo,3d0e94aea0ac1274a6dfd961935081cf,
,,,,,,,2017-10-25 10:00:50,公共知识分子,19602640,TOPIC_FOLLOW,zebravo,3d0e94aea0ac1274a6dfd961935081cf,
,,,,20172325,,,2017-10-25 09:26:01,宋朝是因为经济过度发达而间接导致灭亡的吗？,"[285, 5273, 7707, 12009]",QUESTION_FOLLOW,zebravo,3d0e94aea0ac1274a6dfd961935081cf,
,,,,136375078,,9,2017-10-25 09:25:32,文学经典经过了历史的检验，是大众的检验还是文人的检验？,"[285, 2058, 32039, 40110]",ANSWER_VOTE_UP,zebravo,3d0e94aea0ac1274a6dfd961935081cf,36
,,,,,,,2017-10-25 09:23:19,经典书籍,19646159,TOPIC_FOLLOW,zebravo,3d0e94aea0ac1274a6dfd961935081cf,
,,,,,,,2017-10-25 09:20:29,电影类型,19685500,TOPIC_FOLLOW,zebravo,3d0e94aea0ac1274a6dfd961935081cf,
30390140,,,,,,,2017-10-25 09:14:29,读不下去就算了,,MEMBER_VOTEUP_ARTICLE,zebravo,3d0e94aea0ac1274a6dfd961935081cf,1654
,,,937668993314680832,,,,2018-01-19 12:55:09,大丈夫一言九鼎,,MEMBER_CREATE_PIN,dan-li-ren-70,4298ff25add25f8f3fc1d26f01fb9a98,
,,,937492131477155840,,,,2018-01-19 01:12:21,这样就一目了然了，四个业务，从左到右，…,,MEMBER_CREATE_PIN,dan-li-ren-70,4298ff25add25f8f3fc1d26f01fb9a98,
,,,937479110315032576,,,,2018-01-19 00:20:37,好奇每次在人际交往这个话题下，高赞回答…,,MEMBER_CREATE_PIN,dan-li-ren-70,4298ff25add25f8f3fc1d26f01fb9a98,
,,,,298780384,,3,2018-01-19 00:07:54,你写过或者听过哪些「魔性」的故事？,"[73, 767, 1307, 1309, 137155]",ANSWER_CREATE,dan-li-ren-70,4298ff25add25f8f3fc1d26f01fb9a98,25
,,,,298765666,,5,2018-01-18 23:44:47,如何用平淡的语气写出虐到让人喘不过气，或让读者感到震撼、震惊的感觉？,"[73, 2058, 20009, 42364, 108486]",ANSWER_CREATE,dan-li-ren-70,4298ff25add25f8f3fc1d26f01fb9a98,103
,,,937440168370774016,,,,2018-01-18 21:45:52,生活没有标准答案，适合自己的才是最好的,,MEMBER_CREATE_PIN,dan-li-ren-70,4298ff25add25f8f3fc1d26f01fb9a98,
,,,937437565595471872,,,,2018-01-18 21:35:32,养成记日记的习惯也能受用终身的,,MEMBER_CREATE_PIN,dan-li-ren-70,4298ff25add25f8f3fc1d26f01fb9a98,
,,,937423317116989440,,,,2018-01-18 20:38:55,纸上得来终觉浅，绝知此事要躬行,,MEMBER_CREATE_PIN,dan-li-ren-70,4298ff25add25f8f3fc1d26f01fb9a98,
,,,,19629464,,,2017-10-24 23:47:11,古斯塔夫·勒庞的《乌合之众》一书中有哪些偏见？,"[404, 3007, 7998, 12615, 23163]",QUESTION_FOLLOW,zebravo,3d0e94aea0ac1274a6dfd961935081cf,
,,,,19892337,,,2017-10-24 20:10:13,《东方快车谋杀案》中波洛的推理到底有没有证据？,"[5826, 14060, 118318, 186187, 192428]",QUESTION_FOLLOW,zebravo,3d0e94aea0ac1274a6dfd961935081cf,
,,,,,,,2017-10-24 18:35:45,阿加莎·克里斯蒂,19898844,TOPIC_FOLLOW,zebravo,3d0e94aea0ac1274a6dfd961935081cf,
,,,,,,,2017-10-24 18:35:13,侦探推理,20041800,TOPIC_FOLLOW,zebravo,3d0e94aea0ac1274a6dfd961935081cf,
,,,,243798096,,3355,2017-10-24 12:21:53,有哪些东西你一开始感觉很贵，但没想到居然那么贵？,"[542, 1761, 2511]",ANSWER_VOTE_UP,zebravo,3d0e94aea0ac1274a6dfd961935081cf,27758
,,,,245685909,,821,2017-10-24 10:19:31,有哪些从未有人犯过的罪名？,"[215, 6412, 13680]",ANSWER_VOTE_UP,zebravo,3d0e94aea0ac1274a6dfd961935081cf,3184
30386120,,,,,,,2017-10-24 09:51:07,年度最佳罪案剧《心灵猎人》：与智商145的连环杀手聊天是什么体验,,MEMBER_VOTEUP_ARTICLE,zebravo,3d0e94aea0ac1274a6dfd961935081cf,1472
,,,,,,,2017-10-23 15:51:39,西方文学理论,19799804,TOPIC_FOLLOW,zebravo,3d0e94aea0ac1274a6dfd961935081cf,
,,,937411866809667584,,,,2018-01-18 19:53:25,998,,MEMBER_CREATE_PIN,dan-li-ren-70,4298ff25add25f8f3fc1d26f01fb9a98,
,,,937382454701625344,,,,2018-01-18 17:56:32,手头的事情一多，食量大得惊人，节食计划…,,MEMBER_CREATE_PIN,dan-li-ren-70,4298ff25add25f8f3fc1d26f01fb9a98,
,,,937369837815689216,,,,2018-01-18 17:06:24,不用动脑子的工作有哪些？,,MEMBER_CREATE_PIN,dan-li-ren-70,4298ff25add25f8f3fc1d26f01fb9a98,
,,,937126427590623232,,,,2018-01-18 00:59:11,应该迅速做出判断，不能犹豫，犹豫是折磨…,,MEMBER_CREATE_PIN,dan-li-ren-70,4298ff25add25f8f3fc1d26f01fb9a98,
,,,937126217833521152,,,,2018-01-18 00:58:21,不与不值得尊重的人交谈,,MEMBER_CREATE_PIN,dan-li-ren-70,4298ff25add25f8f3fc1d26f01fb9a98,
,,,937113858561830912,,,,2018-01-18 00:09:14,决心是指当某种内在的信念命令你时，你毫…,,MEMBER_CREATE_PIN,dan-li-ren-70,4298ff25add25f8f3fc1d26f01fb9a98,
,,,937113288660819968,,,,2018-01-18 00:06:58,表达本身提供了效能,,MEMBER_CREATE_PIN,dan-li-ren-70,4298ff25add25f8f3fc1d26f01fb9a98,
,,,937112060002283520,,,,2018-01-18 00:02:05,做生意，写作，成功的秘诀只有一个——讲…,,MEMBER_CREATE_PIN,dan-li-ren-70,4298ff25add25f8f3fc1d26f01fb9a98,
,,,,,,,2017-10-23 15:51:37,英美文学,19644639,TOPIC_FOLLOW,zebravo,3d0e94aea0ac1274a6dfd961935081cf,
,,,,241995473,,92,2017-10-21 01:26:26,北京电影学院与北京大学的师生如何评价《逐梦演艺圈》及其导演毕志飞？,"[68, 6780, 36914, 185306, 185670]",ANSWER_VOTE_UP,zebravo,3d0e94aea0ac1274a6dfd961935081cf,746
,,,,230297156,,100,2017-10-17 19:35:34,如果薛之谦、翟欣欣、马蓉、贾跃亭、邓文迪和郎咸平凑在一起，谁能「套」走谁的钱？,"[288, 1138, 5582, 12443, 137155]",ANSWER_VOTE_UP,zebravo,3d0e94aea0ac1274a6dfd961935081cf,1015
,,,,244949401,,369,2017-10-17 19:23:37,网易云音乐中你见过最扎心的热评是什么？,"[1307, 8014, 11772, 87983]",ANSWER_VOTE_UP,zebravo,3d0e94aea0ac1274a6dfd961935081cf,3581
,,,,30628747,,,2017-10-16 18:50:57,同样是主旋律电影，为什么美国观众和中国观众对其的态度差别那么大？,"[68, 472, 12795, 14213, 39721]",QUESTION_FOLLOW,zebravo,3d0e94aea0ac1274a6dfd961935081cf,
30126885,,,,,,,2017-10-16 14:40:41,你的收入能让你过怎样的生活,,MEMBER_VOTEUP_ARTICLE,zebravo,3d0e94aea0ac1274a6dfd961935081cf,1846
,,,,244075457,,1174,2017-10-16 12:16:50,手机里你最不舍得删掉的一张照片是什么？,"[388, 1309, 2055, 2926]",ANSWER_VOTE_UP,zebravo,3d0e94aea0ac1274a6dfd961935081cf,11231
,,,,,,,2017-10-16 12:13:01,中央音乐学院,19599225,TOPIC_FOLLOW,zebravo,3d0e94aea0ac1274a6dfd961935081cf,
,,,937111855529967616,,,,2018-01-18 00:01:18,没有纪律就等于没有自由,,MEMBER_CREATE_PIN,dan-li-ren-70,4298ff25add25f8f3fc1d26f01fb9a98,
,,,937111722847440896,,,,2018-01-18 00:00:45,在早上工作，中午小憩，下午工作，然后看…,,MEMBER_CREATE_PIN,dan-li-ren-70,4298ff25add25f8f3fc1d26f01fb9a98,
,,,937111129076592640,,,,2018-01-17 23:58:23,写作无法速成，慢慢来，反而会快很多,,MEMBER_CREATE_PIN,dan-li-ren-70,4298ff25add25f8f3fc1d26f01fb9a98,
,,,937110983181889536,,,,2018-01-17 23:57:49,知难行易，不行动，听再多道理也没戏,,MEMBER_CREATE_PIN,dan-li-ren-70,4298ff25add25f8f3fc1d26f01fb9a98,
,,,937110248935419904,,,,2018-01-17 23:54:54,手抄诺贝尔奖1901到1922得奖名单,,MEMBER_CREATE_PIN,dan-li-ren-70,4298ff25add25f8f3fc1d26f01fb9a98,
,,,937108168933851136,,,,2018-01-17 23:46:38,硬广推一波,,MEMBER_CREATE_PIN,dan-li-ren-70,4298ff25add25f8f3fc1d26f01fb9a98,
,,,937107884740468736,,,,2018-01-17 23:45:30,求仁得仁，这位朋友的回答就很赞，献血就…,,MEMBER_CREATE_PIN,dan-li-ren-70,4298ff25add25f8f3fc1d26f01fb9a98,
,,,937095388260474880,,,,2018-01-17 22:55:50,关于汤武革命,,MEMBER_CREATE_PIN,dan-li-ren-70,4298ff25add25f8f3fc1d26f01fb9a98,
,,,,39823324,,,2017-10-16 12:12:45,在中央音乐学院就读是一种怎样的体验？,"[75, 676, 10598, 16374, 88908]",QUESTION_FOLLOW,zebravo,3d0e94aea0ac1274a6dfd961935081cf,
,,,,,,,2017-10-16 11:31:18,中央美术学院,19725618,TOPIC_FOLLOW,zebravo,3d0e94aea0ac1274a6dfd961935081cf,
,,,,,,,2017-10-16 11:31:10,美术学院,19632097,TOPIC_FOLLOW,zebravo,3d0e94aea0ac1274a6dfd961935081cf,
,,,,,,,2017-10-16 10:51:55,清华大学美术学院,19689020,TOPIC_FOLLOW,zebravo,3d0e94aea0ac1274a6dfd961935081cf,
,,,,38747464,,,2017-10-13 14:30:04,电影史上对后世作品影响巨大的电影有哪些？,"[68, 1497, 2191, 7395, 9609]",QUESTION_FOLLOW,zebravo,3d0e94aea0ac1274a6dfd961935081cf,
,,,,66540423,,,2017-10-12 20:41:14,如何看待中国国资入股腾讯、阿里巴巴、微博？,"[176, 454]",QUESTION_FOLLOW,zebravo,3d0e94aea0ac1274a6dfd961935081cf,
,,,,66481733,,,2017-10-12 08:22:38,如何看待阿里巴巴成立阿里全球研究院「达摩院」，3 年投资 1000 亿引进顶级人才？,"[99, 350, 454, 13222, 70264]",QUESTION_FOLLOW,zebravo,3d0e94aea0ac1274a6dfd961935081cf,
,,,937093045909413888,,,,2018-01-17 22:46:32,#读书想法# 革命一词的真正含义，光荣革…,,MEMBER_CREATE_PIN,dan-li-ren-70,4298ff25add25f8f3fc1d26f01fb9a98,
,,,937090248254160896,,,,2018-01-17 22:35:25,每日清晨对你自己说：我将遇到好管闲事的…,,MEMBER_CREATE_PIN,dan-li-ren-70,4298ff25add25f8f3fc1d26f01fb9a98,
,,,937080927986352128,,,,2018-01-17 21:58:23,反正我爱你，你也必须爱我,,MEMBER_CREATE_PIN,dan-li-ren-70,4298ff25add25f8f3fc1d26f01fb9a98,
,,,937080444647333888,,,,2018-01-17 21:56:28,如果一部IP，你必须看过原著小说才能看得…,,MEMBER_CREATE_PIN,dan-li-ren-70,4298ff25add25f8f3fc1d26f01fb9a98,
,,,937079733175975936,,,,2018-01-17 21:53:38,故事之所以动人，是因为我们从中看到了自…,,MEMBER_CREATE_PIN,dan-li-ren-70,4298ff25add25f8f3fc1d26f01fb9a98,
,,,937058792618299392,,,,2018-01-17 20:30:25,一口气买了131本《文艺争鸣》过刊，这下…,,MEMBER_CREATE_PIN,dan-li-ren-70,4298ff25add25f8f3fc1d26f01fb9a98,
,,,936940832994148352,,,,2018-01-17 12:41:42,2017年读书读得非常爽，一是时间多，公司…,,MEMBER_CREATE_PIN,dan-li-ren-70,4298ff25add25f8f3fc1d26f01fb9a98,
,,,936932186612543488,,,,2018-01-17 12:07:20,要抵挡住消费主义的攻击，要明白自己需要…,,MEMBER_CREATE_PIN,dan-li-ren-70,4298ff25add25f8f3fc1d26f01fb9a98,
,,,,240178728,,101,2017-10-11 13:20:03,《色•戒》里的床戏为什么要拍得跟三级片一样裸露？,"[68, 33714, 160959]",ANSWER_VOTE_UP,zebravo,3d0e94aea0ac1274a6dfd961935081cf,558
,,,,37144176,,,2017-10-11 09:46:22,中国传媒大学有哪些值得一听的课？,"[74, 18735, 30372]",QUESTION_FOLLOW,zebravo,3d0e94aea0ac1274a6dfd961935081cf,
,,,,,,,2017-10-10 17:16:13,美术史,19586376,TOPIC_FOLLOW,zebravo,3d0e94aea0ac1274a6dfd961935081cf,
,,,,43411196,,,2017-10-10 17:15:47,央美 美术史论和艺术学理论（艺术管理）哪个更值得学？,"[445, 12047, 58617, 101249, 107357]",QUESTION_FOLLOW,zebravo,3d0e94aea0ac1274a6dfd961935081cf,
,,,,21740843,,,2017-10-10 17:13:00,中国传媒大学的数字媒体艺术和北京电影学院的影视技术系难考吗？,"[18735, 29137, 36914, 74573]",QUESTION_FOLLOW,zebravo,3d0e94aea0ac1274a6dfd961935081cf,
,,,,241680578,,563,2017-10-10 13:36:45,如何评价电影《羞羞的铁拳》女主角马丽？,"[68, 1718, 25509, 29916, 185359]",ANSWER_VOTE_UP,zebravo,3d0e94aea0ac1274a6dfd961935081cf,5390
29087409,,,,,,,2017-10-10 13:11:39,一手把王凯捧成大明星，又主动解散经纪业务，正午阳光在想什么？,,MEMBER_VOTEUP_ARTICLE,zebravo,3d0e94aea0ac1274a6dfd961935081cf,2872
29766907,,,,,,,2017-10-10 13:07:38,遇见开黄腔的学生,,MEMBER_VOTEUP_ARTICLE,zebravo,3d0e94aea0ac1274a6dfd961935081cf,21786
,,,936927858250231808,,,,2018-01-17 11:50:08,吃了一个包子，一块豆腐，一个煎蛋，半壶…,,MEMBER_CREATE_PIN,dan-li-ren-70,4298ff25add25f8f3fc1d26f01fb9a98,
,,,936922611746295808,,,,2018-01-17 11:29:17,节食第一天，两个包子，一块豆乳，一壶茶…,,MEMBER_CREATE_PIN,dan-li-ren-70,4298ff25add25f8f3fc1d26f01fb9a98,
,,,936913681905348608,,,,2018-01-17 10:53:48,人的幸福不在于自由，而在于对一种责任的…,,MEMBER_CREATE_PIN,dan-li-ren-70,4298ff25add25f8f3fc1d26f01fb9a98,
,,,936750466759839744,,,,2018-01-17 00:05:15,既然烟酒可以戒除，那么消费主义也可以戒…,,MEMBER_CREATE_PIN,dan-li-ren-70,4298ff25add25f8f3fc1d26f01fb9a98,
,,,936743138752909312,,,,2018-01-16 23:36:08,原先挣钱是为了买烟酒，现在把烟酒戒了，…,,MEMBER_CREATE_PIN,dan-li-ren-70,4298ff25add25f8f3fc1d26f01fb9a98,
,,,936731992793010176,,,,2018-01-16 22:51:50,按时休息能让自己变得快乐哦,,MEMBER_CREATE_PIN,dan-li-ren-70,4298ff25add25f8f3fc1d26f01fb9a98,
,,,936690272579198976,,,,2018-01-16 20:06:03,夜西湖,,MEMBER_CREATE_PIN,dan-li-ren-70,4298ff25add25f8f3fc1d26f01fb9a98,
,,,936657850831695872,,,,2018-01-16 17:57:13,每顿饭有两个肉包子吃，有茶叶沫子喝就是…,,MEMBER_CREATE_PIN,dan-li-ren-70,4298ff25add25f8f3fc1d26f01fb9a98,
